<annotation>
	<folder>allpics_small</folder>
	<filename>0016.jpg</filename>
	<path>C:\Users\Administrator\Desktop\allpics_small\0016.jpg</path>
	<source>
		<database>Unknown</database>
	</source>
	<size>
		<width>640</width>
		<height>360</height>
		<depth>3</depth>
	</size>
	<segmented>0</segmented>
	<object>
		<name>no_helmet</name>
		<pose>Unspecified</pose>
		<truncated>0</truncated>
		<difficult>0</difficult>
		<bndbox>
			<xmin>244</xmin>
			<ymin>68</ymin>
			<xmax>320</xmax>
			<ymax>319</ymax>
		</bndbox>
	</object>
	<object>
		<name>in_helmet</name>
		<pose>Unspecified</pose>
		<truncated>0</truncated>
		<difficult>0</difficult>
		<bndbox>
			<xmin>49</xmin>
			<ymin>37</ymin>
			<xmax>129</xmax>
			<ymax>253</ymax>
		</bndbox>
	</object>
</annotation>
