<annotation>
	<folder>allpics_small</folder>
	<filename>0021.jpg</filename>
	<path>C:\Users\Administrator\Desktop\allpics_small\0021.jpg</path>
	<source>
		<database>Unknown</database>
	</source>
	<size>
		<width>640</width>
		<height>360</height>
		<depth>3</depth>
	</size>
	<segmented>0</segmented>
	<object>
		<name>no_helmet</name>
		<pose>Unspecified</pose>
		<truncated>0</truncated>
		<difficult>1</difficult>
		<bndbox>
			<xmin>43</xmin>
			<ymin>144</ymin>
			<xmax>97</xmax>
			<ymax>219</ymax>
		</bndbox>
	</object>
	<object>
		<name>no_helmet</name>
		<pose>Unspecified</pose>
		<truncated>0</truncated>
		<difficult>1</difficult>
		<bndbox>
			<xmin>388</xmin>
			<ymin>5</ymin>
			<xmax>406</xmax>
			<ymax>56</ymax>
		</bndbox>
	</object>
</annotation>
