<annotation>
	<folder>allpics_small</folder>
	<filename>0022.jpg</filename>
	<path>C:\Users\Administrator\Desktop\allpics_small\0022.jpg</path>
	<source>
		<database>Unknown</database>
	</source>
	<size>
		<width>640</width>
		<height>360</height>
		<depth>3</depth>
	</size>
	<segmented>0</segmented>
	<object>
		<name>no_helmet</name>
		<pose>Unspecified</pose>
		<truncated>0</truncated>
		<difficult>1</difficult>
		<bndbox>
			<xmin>41</xmin>
			<ymin>142</ymin>
			<xmax>93</xmax>
			<ymax>214</ymax>
		</bndbox>
	</object>
</annotation>
