<annotation>
	<folder>allpics_small</folder>
	<filename>0023.jpg</filename>
	<path>C:\Users\Administrator\Desktop\allpics_small\0023.jpg</path>
	<source>
		<database>Unknown</database>
	</source>
	<size>
		<width>640</width>
		<height>360</height>
		<depth>3</depth>
	</size>
	<segmented>0</segmented>
	<object>
		<name>in_helmet</name>
		<pose>Unspecified</pose>
		<truncated>0</truncated>
		<difficult>0</difficult>
		<bndbox>
			<xmin>488</xmin>
			<ymin>78</ymin>
			<xmax>519</xmax>
			<ymax>170</ymax>
		</bndbox>
	</object>
	<object>
		<name>no_helmet</name>
		<pose>Unspecified</pose>
		<truncated>0</truncated>
		<difficult>1</difficult>
		<bndbox>
			<xmin>36</xmin>
			<ymin>140</ymin>
			<xmax>91</xmax>
			<ymax>221</ymax>
		</bndbox>
	</object>
</annotation>
