<annotation>
	<folder>allpics_small</folder>
	<filename>0024.jpg</filename>
	<path>C:\Users\Administrator\Desktop\allpics_small\0024.jpg</path>
	<source>
		<database>Unknown</database>
	</source>
	<size>
		<width>640</width>
		<height>360</height>
		<depth>3</depth>
	</size>
	<segmented>0</segmented>
	<object>
		<name>in_helmet</name>
		<pose>Unspecified</pose>
		<truncated>0</truncated>
		<difficult>0</difficult>
		<bndbox>
			<xmin>410</xmin>
			<ymin>77</ymin>
			<xmax>437</xmax>
			<ymax>164</ymax>
		</bndbox>
	</object>
	<object>
		<name>no_helmet</name>
		<pose>Unspecified</pose>
		<truncated>0</truncated>
		<difficult>0</difficult>
		<bndbox>
			<xmin>34</xmin>
			<ymin>142</ymin>
			<xmax>91</xmax>
			<ymax>217</ymax>
		</bndbox>
	</object>
</annotation>
