<annotation>
	<folder>allpics_small</folder>
	<filename>0027.jpg</filename>
	<path>C:\Users\Administrator\Desktop\allpics_small\0027.jpg</path>
	<source>
		<database>Unknown</database>
	</source>
	<size>
		<width>640</width>
		<height>360</height>
		<depth>3</depth>
	</size>
	<segmented>0</segmented>
	<object>
		<name>in_helmet</name>
		<pose>Unspecified</pose>
		<truncated>0</truncated>
		<difficult>0</difficult>
		<bndbox>
			<xmin>98</xmin>
			<ymin>147</ymin>
			<xmax>139</xmax>
			<ymax>272</ymax>
		</bndbox>
	</object>
	<object>
		<name>no_helmet</name>
		<pose>Unspecified</pose>
		<truncated>0</truncated>
		<difficult>1</difficult>
		<bndbox>
			<xmin>129</xmin>
			<ymin>44</ymin>
			<xmax>151</xmax>
			<ymax>80</ymax>
		</bndbox>
	</object>
</annotation>
