<annotation>
	<folder>allpics_small</folder>
	<filename>0046.jpg</filename>
	<path>C:\Users\Administrator\Desktop\allpics_small\0046.jpg</path>
	<source>
		<database>Unknown</database>
	</source>
	<size>
		<width>640</width>
		<height>360</height>
		<depth>3</depth>
	</size>
	<segmented>0</segmented>
	<object>
		<name>in_helmet</name>
		<pose>Unspecified</pose>
		<truncated>0</truncated>
		<difficult>0</difficult>
		<bndbox>
			<xmin>560</xmin>
			<ymin>140</ymin>
			<xmax>610</xmax>
			<ymax>283</ymax>
		</bndbox>
	</object>
	<object>
		<name>in_helmet</name>
		<pose>Unspecified</pose>
		<truncated>0</truncated>
		<difficult>0</difficult>
		<bndbox>
			<xmin>199</xmin>
			<ymin>137</ymin>
			<xmax>249</xmax>
			<ymax>275</ymax>
		</bndbox>
	</object>
	<object>
		<name>in_helmet</name>
		<pose>Unspecified</pose>
		<truncated>0</truncated>
		<difficult>0</difficult>
		<bndbox>
			<xmin>139</xmin>
			<ymin>112</ymin>
			<xmax>175</xmax>
			<ymax>234</ymax>
		</bndbox>
	</object>
</annotation>
