<annotation>
	<folder>allpics_small</folder>
	<filename>0053.jpg</filename>
	<path>C:\Users\Administrator\Desktop\allpics_small\0053.jpg</path>
	<source>
		<database>Unknown</database>
	</source>
	<size>
		<width>640</width>
		<height>360</height>
		<depth>3</depth>
	</size>
	<segmented>0</segmented>
	<object>
		<name>no_helmet</name>
		<pose>Unspecified</pose>
		<truncated>0</truncated>
		<difficult>0</difficult>
		<bndbox>
			<xmin>450</xmin>
			<ymin>160</ymin>
			<xmax>520</xmax>
			<ymax>286</ymax>
		</bndbox>
	</object>
	<object>
		<name>in_helmet</name>
		<pose>Unspecified</pose>
		<truncated>0</truncated>
		<difficult>0</difficult>
		<bndbox>
			<xmin>113</xmin>
			<ymin>131</ymin>
			<xmax>150</xmax>
			<ymax>271</ymax>
		</bndbox>
	</object>
	<object>
		<name>in_helmet</name>
		<pose>Unspecified</pose>
		<truncated>1</truncated>
		<difficult>1</difficult>
		<bndbox>
			<xmin>1</xmin>
			<ymin>107</ymin>
			<xmax>27</xmax>
			<ymax>178</ymax>
		</bndbox>
	</object>
</annotation>
