<annotation>
	<folder>allpics_small</folder>
	<filename>0108.jpg</filename>
	<path>C:\Users\Administrator\Desktop\allpics_small\0108.jpg</path>
	<source>
		<database>Unknown</database>
	</source>
	<size>
		<width>640</width>
		<height>360</height>
		<depth>3</depth>
	</size>
	<segmented>0</segmented>
	<object>
		<name>in_helmet</name>
		<pose>Unspecified</pose>
		<truncated>0</truncated>
		<difficult>0</difficult>
		<bndbox>
			<xmin>117</xmin>
			<ymin>203</ymin>
			<xmax>160</xmax>
			<ymax>268</ymax>
		</bndbox>
	</object>
	<object>
		<name>in_helmet</name>
		<pose>Unspecified</pose>
		<truncated>0</truncated>
		<difficult>0</difficult>
		<bndbox>
			<xmin>549</xmin>
			<ymin>250</ymin>
			<xmax>614</xmax>
			<ymax>358</ymax>
		</bndbox>
	</object>
	<object>
		<name>no_helmet</name>
		<pose>Unspecified</pose>
		<truncated>0</truncated>
		<difficult>0</difficult>
		<bndbox>
			<xmin>252</xmin>
			<ymin>58</ymin>
			<xmax>276</xmax>
			<ymax>129</ymax>
		</bndbox>
	</object>
</annotation>
