<annotation>
	<folder>allpics_small</folder>
	<filename>0167.jpg</filename>
	<path>C:\Users\Administrator\Desktop\allpics_small\0167.jpg</path>
	<source>
		<database>Unknown</database>
	</source>
	<size>
		<width>640</width>
		<height>360</height>
		<depth>3</depth>
	</size>
	<segmented>0</segmented>
	<object>
		<name>in_helmet</name>
		<pose>Unspecified</pose>
		<truncated>0</truncated>
		<difficult>0</difficult>
		<bndbox>
			<xmin>274</xmin>
			<ymin>223</ymin>
			<xmax>324</xmax>
			<ymax>342</ymax>
		</bndbox>
	</object>
</annotation>
