<annotation>
	<folder>allpics_small</folder>
	<filename>0169.jpg</filename>
	<path>C:\Users\Administrator\Desktop\allpics_small\0169.jpg</path>
	<source>
		<database>Unknown</database>
	</source>
	<size>
		<width>640</width>
		<height>360</height>
		<depth>3</depth>
	</size>
	<segmented>0</segmented>
	<object>
		<name>in_helmet</name>
		<pose>Unspecified</pose>
		<truncated>0</truncated>
		<difficult>0</difficult>
		<bndbox>
			<xmin>85</xmin>
			<ymin>129</ymin>
			<xmax>119</xmax>
			<ymax>217</ymax>
		</bndbox>
	</object>
	<object>
		<name>in_helmet</name>
		<pose>Unspecified</pose>
		<truncated>1</truncated>
		<difficult>1</difficult>
		<bndbox>
			<xmin>1</xmin>
			<ymin>108</ymin>
			<xmax>18</xmax>
			<ymax>170</ymax>
		</bndbox>
	</object>
</annotation>
