<annotation>
	<folder>allpics_small</folder>
	<filename>0170.jpg</filename>
	<path>C:\Users\Administrator\Desktop\allpics_small\0170.jpg</path>
	<source>
		<database>Unknown</database>
	</source>
	<size>
		<width>640</width>
		<height>360</height>
		<depth>3</depth>
	</size>
	<segmented>0</segmented>
	<object>
		<name>in_helmet</name>
		<pose>Unspecified</pose>
		<truncated>0</truncated>
		<difficult>0</difficult>
		<bndbox>
			<xmin>12</xmin>
			<ymin>111</ymin>
			<xmax>33</xmax>
			<ymax>140</ymax>
		</bndbox>
	</object>
	<object>
		<name>in_helmet</name>
		<pose>Unspecified</pose>
		<truncated>0</truncated>
		<difficult>0</difficult>
		<bndbox>
			<xmin>539</xmin>
			<ymin>145</ymin>
			<xmax>567</xmax>
			<ymax>188</ymax>
		</bndbox>
	</object>
	<object>
		<name>no_helmet</name>
		<pose>Unspecified</pose>
		<truncated>0</truncated>
		<difficult>0</difficult>
		<bndbox>
			<xmin>578</xmin>
			<ymin>146</ymin>
			<xmax>604</xmax>
			<ymax>185</ymax>
		</bndbox>
	</object>
</annotation>
