<annotation>
	<folder>allpics_small</folder>
	<filename>0174.jpg</filename>
	<path>C:\Users\Administrator\Desktop\allpics_small\0174.jpg</path>
	<source>
		<database>Unknown</database>
	</source>
	<size>
		<width>640</width>
		<height>360</height>
		<depth>3</depth>
	</size>
	<segmented>0</segmented>
	<object>
		<name>no_helmet</name>
		<pose>Unspecified</pose>
		<truncated>0</truncated>
		<difficult>0</difficult>
		<bndbox>
			<xmin>375</xmin>
			<ymin>132</ymin>
			<xmax>408</xmax>
			<ymax>204</ymax>
		</bndbox>
	</object>
</annotation>
