<annotation>
	<folder>allpics_small</folder>
	<filename>0177.jpg</filename>
	<path>D:\allpics_small\0177.jpg</path>
	<source>
		<database>Unknown</database>
	</source>
	<size>
		<width>640</width>
		<height>360</height>
		<depth>3</depth>
	</size>
	<segmented>0</segmented>
	<object>
		<name>no_helmet</name>
		<pose>Unspecified</pose>
		<truncated>0</truncated>
		<difficult>0</difficult>
		<bndbox>
			<xmin>157</xmin>
			<ymin>169</ymin>
			<xmax>204</xmax>
			<ymax>256</ymax>
		</bndbox>
	</object>
	<object>
		<name>no_helmet</name>
		<pose>Unspecified</pose>
		<truncated>0</truncated>
		<difficult>0</difficult>
		<bndbox>
			<xmin>558</xmin>
			<ymin>121</ymin>
			<xmax>587</xmax>
			<ymax>196</ymax>
		</bndbox>
	</object>
</annotation>
