<annotation>
	<folder>allpics_small</folder>
	<filename>0180.jpg</filename>
	<path>C:\Users\Administrator\Desktop\allpics_small\0180.jpg</path>
	<source>
		<database>Unknown</database>
	</source>
	<size>
		<width>640</width>
		<height>360</height>
		<depth>3</depth>
	</size>
	<segmented>0</segmented>
	<object>
		<name>in_helmet</name>
		<pose>Unspecified</pose>
		<truncated>0</truncated>
		<difficult>0</difficult>
		<bndbox>
			<xmin>294</xmin>
			<ymin>96</ymin>
			<xmax>315</xmax>
			<ymax>159</ymax>
		</bndbox>
	</object>
</annotation>
