<annotation>
	<folder>allpics_small</folder>
	<filename>0183.jpg</filename>
	<path>D:\allpics_small\0183.jpg</path>
	<source>
		<database>Unknown</database>
	</source>
	<size>
		<width>640</width>
		<height>360</height>
		<depth>3</depth>
	</size>
	<segmented>0</segmented>
	<object>
		<name>no_helmet</name>
		<pose>Unspecified</pose>
		<truncated>1</truncated>
		<difficult>0</difficult>
		<bndbox>
			<xmin>29</xmin>
			<ymin>312</ymin>
			<xmax>80</xmax>
			<ymax>360</ymax>
		</bndbox>
	</object>
	<object>
		<name>in_helmet</name>
		<pose>Unspecified</pose>
		<truncated>0</truncated>
		<difficult>0</difficult>
		<bndbox>
			<xmin>30</xmin>
			<ymin>283</ymin>
			<xmax>77</xmax>
			<ymax>311</ymax>
		</bndbox>
	</object>
	<object>
		<name>in_helmet</name>
		<pose>Unspecified</pose>
		<truncated>0</truncated>
		<difficult>0</difficult>
		<bndbox>
			<xmin>191</xmin>
			<ymin>97</ymin>
			<xmax>218</xmax>
			<ymax>132</ymax>
		</bndbox>
	</object>
	<object>
		<name>no_helmet</name>
		<pose>Unspecified</pose>
		<truncated>0</truncated>
		<difficult>0</difficult>
		<bndbox>
			<xmin>162</xmin>
			<ymin>98</ymin>
			<xmax>191</xmax>
			<ymax>133</ymax>
		</bndbox>
	</object>
	<object>
		<name>no_helmet</name>
		<pose>Unspecified</pose>
		<truncated>0</truncated>
		<difficult>0</difficult>
		<bndbox>
			<xmin>118</xmin>
			<ymin>105</ymin>
			<xmax>148</xmax>
			<ymax>137</ymax>
		</bndbox>
	</object>
</annotation>
