<annotation>
	<folder>allpics_small</folder>
	<filename>0194.jpg</filename>
	<path>C:\Users\Administrator\Desktop\allpics_small\0194.jpg</path>
	<source>
		<database>Unknown</database>
	</source>
	<size>
		<width>640</width>
		<height>360</height>
		<depth>3</depth>
	</size>
	<segmented>0</segmented>
	<object>
		<name>no_helmet</name>
		<pose>Unspecified</pose>
		<truncated>0</truncated>
		<difficult>0</difficult>
		<bndbox>
			<xmin>33</xmin>
			<ymin>147</ymin>
			<xmax>71</xmax>
			<ymax>257</ymax>
		</bndbox>
	</object>
	<object>
		<name>in_helmet</name>
		<pose>Unspecified</pose>
		<truncated>0</truncated>
		<difficult>0</difficult>
		<bndbox>
			<xmin>172</xmin>
			<ymin>120</ymin>
			<xmax>200</xmax>
			<ymax>227</ymax>
		</bndbox>
	</object>
	<object>
		<name>in_helmet</name>
		<pose>Unspecified</pose>
		<truncated>0</truncated>
		<difficult>0</difficult>
		<bndbox>
			<xmin>203</xmin>
			<ymin>108</ymin>
			<xmax>233</xmax>
			<ymax>209</ymax>
		</bndbox>
	</object>
</annotation>
