<annotation>
	<folder>allpics_small</folder>
	<filename>0198.jpg</filename>
	<path>C:\Users\Administrator\Desktop\allpics_small\0198.jpg</path>
	<source>
		<database>Unknown</database>
	</source>
	<size>
		<width>640</width>
		<height>360</height>
		<depth>3</depth>
	</size>
	<segmented>0</segmented>
	<object>
		<name>in_helmet</name>
		<pose>Unspecified</pose>
		<truncated>0</truncated>
		<difficult>0</difficult>
		<bndbox>
			<xmin>87</xmin>
			<ymin>99</ymin>
			<xmax>138</xmax>
			<ymax>234</ymax>
		</bndbox>
	</object>
	<object>
		<name>in_helmet</name>
		<pose>Unspecified</pose>
		<truncated>0</truncated>
		<difficult>0</difficult>
		<bndbox>
			<xmin>18</xmin>
			<ymin>59</ymin>
			<xmax>54</xmax>
			<ymax>144</ymax>
		</bndbox>
	</object>
	<object>
		<name>in_helmet</name>
		<pose>Unspecified</pose>
		<truncated>0</truncated>
		<difficult>0</difficult>
		<bndbox>
			<xmin>298</xmin>
			<ymin>48</ymin>
			<xmax>329</xmax>
			<ymax>142</ymax>
		</bndbox>
	</object>
	<object>
		<name>no_helmet</name>
		<pose>Unspecified</pose>
		<truncated>0</truncated>
		<difficult>1</difficult>
		<bndbox>
			<xmin>197</xmin>
			<ymin>42</ymin>
			<xmax>237</xmax>
			<ymax>138</ymax>
		</bndbox>
	</object>
</annotation>
