<annotation>
	<folder>allpics_small</folder>
	<filename>0202.jpg</filename>
	<path>C:\Users\Administrator\Desktop\allpics_small\0202.jpg</path>
	<source>
		<database>Unknown</database>
	</source>
	<size>
		<width>640</width>
		<height>360</height>
		<depth>3</depth>
	</size>
	<segmented>0</segmented>
	<object>
		<name>no_helmet</name>
		<pose>Unspecified</pose>
		<truncated>0</truncated>
		<difficult>0</difficult>
		<bndbox>
			<xmin>128</xmin>
			<ymin>79</ymin>
			<xmax>214</xmax>
			<ymax>348</ymax>
		</bndbox>
	</object>
	<object>
		<name>no_helmet</name>
		<pose>Unspecified</pose>
		<truncated>1</truncated>
		<difficult>0</difficult>
		<bndbox>
			<xmin>571</xmin>
			<ymin>166</ymin>
			<xmax>640</xmax>
			<ymax>360</ymax>
		</bndbox>
	</object>
</annotation>
