<annotation>
	<folder>allpics_small</folder>
	<filename>0216.jpg</filename>
	<path>C:\Users\Administrator\Desktop\allpics_small\0216.jpg</path>
	<source>
		<database>Unknown</database>
	</source>
	<size>
		<width>640</width>
		<height>360</height>
		<depth>3</depth>
	</size>
	<segmented>0</segmented>
	<object>
		<name>in_helmet</name>
		<pose>Unspecified</pose>
		<truncated>0</truncated>
		<difficult>0</difficult>
		<bndbox>
			<xmin>229</xmin>
			<ymin>152</ymin>
			<xmax>267</xmax>
			<ymax>236</ymax>
		</bndbox>
	</object>
	<object>
		<name>in_helmet</name>
		<pose>Unspecified</pose>
		<truncated>0</truncated>
		<difficult>0</difficult>
		<bndbox>
			<xmin>582</xmin>
			<ymin>115</ymin>
			<xmax>607</xmax>
			<ymax>171</ymax>
		</bndbox>
	</object>
	<object>
		<name>no_helmet</name>
		<pose>Unspecified</pose>
		<truncated>0</truncated>
		<difficult>0</difficult>
		<bndbox>
			<xmin>325</xmin>
			<ymin>142</ymin>
			<xmax>355</xmax>
			<ymax>229</ymax>
		</bndbox>
	</object>
</annotation>
