<annotation>
	<folder>allpics_small</folder>
	<filename>0217.jpg</filename>
	<path>C:\Users\Administrator\Desktop\allpics_small\0217.jpg</path>
	<source>
		<database>Unknown</database>
	</source>
	<size>
		<width>640</width>
		<height>360</height>
		<depth>3</depth>
	</size>
	<segmented>0</segmented>
	<object>
		<name>no_helmet</name>
		<pose>Unspecified</pose>
		<truncated>0</truncated>
		<difficult>0</difficult>
		<bndbox>
			<xmin>329</xmin>
			<ymin>143</ymin>
			<xmax>353</xmax>
			<ymax>228</ymax>
		</bndbox>
	</object>
	<object>
		<name>in_helmet</name>
		<pose>Unspecified</pose>
		<truncated>0</truncated>
		<difficult>0</difficult>
		<bndbox>
			<xmin>580</xmin>
			<ymin>125</ymin>
			<xmax>611</xmax>
			<ymax>172</ymax>
		</bndbox>
	</object>
</annotation>
