<annotation>
	<folder>allpics_small</folder>
	<filename>0218.jpg</filename>
	<path>C:\Users\Administrator\Desktop\allpics_small\0218.jpg</path>
	<source>
		<database>Unknown</database>
	</source>
	<size>
		<width>640</width>
		<height>360</height>
		<depth>3</depth>
	</size>
	<segmented>0</segmented>
	<object>
		<name>no_helmet</name>
		<pose>Unspecified</pose>
		<truncated>0</truncated>
		<difficult>0</difficult>
		<bndbox>
			<xmin>328</xmin>
			<ymin>141</ymin>
			<xmax>352</xmax>
			<ymax>229</ymax>
		</bndbox>
	</object>
	<object>
		<name>in_helmet</name>
		<pose>Unspecified</pose>
		<truncated>0</truncated>
		<difficult>0</difficult>
		<bndbox>
			<xmin>584</xmin>
			<ymin>115</ymin>
			<xmax>613</xmax>
			<ymax>172</ymax>
		</bndbox>
	</object>
</annotation>
