<annotation>
	<folder>allpics_small</folder>
	<filename>0219.jpg</filename>
	<path>C:\Users\Administrator\Desktop\allpics_small\0219.jpg</path>
	<source>
		<database>Unknown</database>
	</source>
	<size>
		<width>640</width>
		<height>360</height>
		<depth>3</depth>
	</size>
	<segmented>0</segmented>
	<object>
		<name>no_helmet</name>
		<pose>Unspecified</pose>
		<truncated>0</truncated>
		<difficult>0</difficult>
		<bndbox>
			<xmin>109</xmin>
			<ymin>144</ymin>
			<xmax>150</xmax>
			<ymax>195</ymax>
		</bndbox>
	</object>
	<object>
		<name>no_helmet</name>
		<pose>Unspecified</pose>
		<truncated>0</truncated>
		<difficult>0</difficult>
		<bndbox>
			<xmin>541</xmin>
			<ymin>120</ymin>
			<xmax>557</xmax>
			<ymax>155</ymax>
		</bndbox>
	</object>
	<object>
		<name>no_helmet</name>
		<pose>Unspecified</pose>
		<truncated>0</truncated>
		<difficult>1</difficult>
		<bndbox>
			<xmin>545</xmin>
			<ymin>157</ymin>
			<xmax>569</xmax>
			<ymax>225</ymax>
		</bndbox>
	</object>
	<object>
		<name>in_helmet</name>
		<pose>Unspecified</pose>
		<truncated>0</truncated>
		<difficult>0</difficult>
		<bndbox>
			<xmin>333</xmin>
			<ymin>88</ymin>
			<xmax>351</xmax>
			<ymax>148</ymax>
		</bndbox>
	</object>
</annotation>
