<annotation>
	<folder>allpics_small</folder>
	<filename>0220.jpg</filename>
	<path>C:\Users\Administrator\Desktop\allpics_small\0220.jpg</path>
	<source>
		<database>Unknown</database>
	</source>
	<size>
		<width>640</width>
		<height>360</height>
		<depth>3</depth>
	</size>
	<segmented>0</segmented>
	<object>
		<name>in_helmet</name>
		<pose>Unspecified</pose>
		<truncated>0</truncated>
		<difficult>0</difficult>
		<bndbox>
			<xmin>274</xmin>
			<ymin>168</ymin>
			<xmax>322</xmax>
			<ymax>227</ymax>
		</bndbox>
	</object>
	<object>
		<name>no_helmet</name>
		<pose>Unspecified</pose>
		<truncated>0</truncated>
		<difficult>0</difficult>
		<bndbox>
			<xmin>379</xmin>
			<ymin>146</ymin>
			<xmax>408</xmax>
			<ymax>235</ymax>
		</bndbox>
	</object>
</annotation>
