<annotation>
	<folder>allpics_small</folder>
	<filename>0221.jpg</filename>
	<path>C:\Users\Administrator\Desktop\allpics_small\0221.jpg</path>
	<source>
		<database>Unknown</database>
	</source>
	<size>
		<width>640</width>
		<height>360</height>
		<depth>3</depth>
	</size>
	<segmented>0</segmented>
	<object>
		<name>in_helmet</name>
		<pose>Unspecified</pose>
		<truncated>0</truncated>
		<difficult>0</difficult>
		<bndbox>
			<xmin>239</xmin>
			<ymin>151</ymin>
			<xmax>318</xmax>
			<ymax>264</ymax>
		</bndbox>
	</object>
	<object>
		<name>no_helmet</name>
		<pose>Unspecified</pose>
		<truncated>0</truncated>
		<difficult>0</difficult>
		<bndbox>
			<xmin>430</xmin>
			<ymin>116</ymin>
			<xmax>467</xmax>
			<ymax>272</ymax>
		</bndbox>
	</object>
</annotation>
