<annotation>
	<folder>allpics_small</folder>
	<filename>0224.jpg</filename>
	<path>C:\Users\Administrator\Desktop\allpics_small\0224.jpg</path>
	<source>
		<database>Unknown</database>
	</source>
	<size>
		<width>640</width>
		<height>360</height>
		<depth>3</depth>
	</size>
	<segmented>0</segmented>
	<object>
		<name>in_helmet</name>
		<pose>Unspecified</pose>
		<truncated>0</truncated>
		<difficult>0</difficult>
		<bndbox>
			<xmin>317</xmin>
			<ymin>65</ymin>
			<xmax>377</xmax>
			<ymax>194</ymax>
		</bndbox>
	</object>
	<object>
		<name>no_helmet</name>
		<pose>Unspecified</pose>
		<truncated>0</truncated>
		<difficult>0</difficult>
		<bndbox>
			<xmin>444</xmin>
			<ymin>107</ymin>
			<xmax>524</xmax>
			<ymax>207</ymax>
		</bndbox>
	</object>
</annotation>
