<annotation>
	<folder>allpics_small</folder>
	<filename>0225.jpg</filename>
	<path>C:\Users\Administrator\Desktop\allpics_small\0225.jpg</path>
	<source>
		<database>Unknown</database>
	</source>
	<size>
		<width>640</width>
		<height>360</height>
		<depth>3</depth>
	</size>
	<segmented>0</segmented>
	<object>
		<name>in_helmet</name>
		<pose>Unspecified</pose>
		<truncated>0</truncated>
		<difficult>0</difficult>
		<bndbox>
			<xmin>279</xmin>
			<ymin>139</ymin>
			<xmax>343</xmax>
			<ymax>199</ymax>
		</bndbox>
	</object>
	<object>
		<name>no_helmet</name>
		<pose>Unspecified</pose>
		<truncated>0</truncated>
		<difficult>0</difficult>
		<bndbox>
			<xmin>392</xmin>
			<ymin>123</ymin>
			<xmax>435</xmax>
			<ymax>282</ymax>
		</bndbox>
	</object>
</annotation>
