<annotation>
	<folder>allpics_small</folder>
	<filename>0226.jpg</filename>
	<path>C:\Users\Administrator\Desktop\allpics_small\0226.jpg</path>
	<source>
		<database>Unknown</database>
	</source>
	<size>
		<width>640</width>
		<height>360</height>
		<depth>3</depth>
	</size>
	<segmented>0</segmented>
	<object>
		<name>in_helmet</name>
		<pose>Unspecified</pose>
		<truncated>0</truncated>
		<difficult>0</difficult>
		<bndbox>
			<xmin>164</xmin>
			<ymin>117</ymin>
			<xmax>237</xmax>
			<ymax>264</ymax>
		</bndbox>
	</object>
	<object>
		<name>no_helmet</name>
		<pose>Unspecified</pose>
		<truncated>0</truncated>
		<difficult>0</difficult>
		<bndbox>
			<xmin>387</xmin>
			<ymin>123</ymin>
			<xmax>433</xmax>
			<ymax>281</ymax>
		</bndbox>
	</object>
</annotation>
