<annotation>
	<folder>allpics_small</folder>
	<filename>0227.jpg</filename>
	<path>C:\Users\Administrator\Desktop\allpics_small\0227.jpg</path>
	<source>
		<database>Unknown</database>
	</source>
	<size>
		<width>640</width>
		<height>360</height>
		<depth>3</depth>
	</size>
	<segmented>0</segmented>
	<object>
		<name>no_helmet</name>
		<pose>Unspecified</pose>
		<truncated>0</truncated>
		<difficult>0</difficult>
		<bndbox>
			<xmin>391</xmin>
			<ymin>124</ymin>
			<xmax>440</xmax>
			<ymax>282</ymax>
		</bndbox>
	</object>
	<object>
		<name>in_helmet</name>
		<pose>Unspecified</pose>
		<truncated>0</truncated>
		<difficult>0</difficult>
		<bndbox>
			<xmin>189</xmin>
			<ymin>162</ymin>
			<xmax>263</xmax>
			<ymax>262</ymax>
		</bndbox>
	</object>
</annotation>
