<annotation>
	<folder>allpics_small</folder>
	<filename>0229.jpg</filename>
	<path>C:\Users\Administrator\Desktop\allpics_small\0229.jpg</path>
	<source>
		<database>Unknown</database>
	</source>
	<size>
		<width>640</width>
		<height>360</height>
		<depth>3</depth>
	</size>
	<segmented>0</segmented>
	<object>
		<name>in_helmet</name>
		<pose>Unspecified</pose>
		<truncated>0</truncated>
		<difficult>0</difficult>
		<bndbox>
			<xmin>179</xmin>
			<ymin>36</ymin>
			<xmax>218</xmax>
			<ymax>151</ymax>
		</bndbox>
	</object>
	<object>
		<name>no_helmet</name>
		<pose>Unspecified</pose>
		<truncated>0</truncated>
		<difficult>0</difficult>
		<bndbox>
			<xmin>297</xmin>
			<ymin>142</ymin>
			<xmax>357</xmax>
			<ymax>235</ymax>
		</bndbox>
	</object>
	<object>
		<name>no_helmet</name>
		<pose>Unspecified</pose>
		<truncated>0</truncated>
		<difficult>0</difficult>
		<bndbox>
			<xmin>296</xmin>
			<ymin>55</ymin>
			<xmax>322</xmax>
			<ymax>138</ymax>
		</bndbox>
	</object>
</annotation>
