<annotation>
	<folder>allpics_small</folder>
	<filename>0230.jpg</filename>
	<path>C:\Users\Administrator\Desktop\allpics_small\0230.jpg</path>
	<source>
		<database>Unknown</database>
	</source>
	<size>
		<width>640</width>
		<height>360</height>
		<depth>3</depth>
	</size>
	<segmented>0</segmented>
	<object>
		<name>in_helmet</name>
		<pose>Unspecified</pose>
		<truncated>0</truncated>
		<difficult>0</difficult>
		<bndbox>
			<xmin>178</xmin>
			<ymin>37</ymin>
			<xmax>216</xmax>
			<ymax>153</ymax>
		</bndbox>
	</object>
	<object>
		<name>no_helmet</name>
		<pose>Unspecified</pose>
		<truncated>0</truncated>
		<difficult>0</difficult>
		<bndbox>
			<xmin>295</xmin>
			<ymin>56</ymin>
			<xmax>321</xmax>
			<ymax>123</ymax>
		</bndbox>
	</object>
	<object>
		<name>no_helmet</name>
		<pose>Unspecified</pose>
		<truncated>0</truncated>
		<difficult>0</difficult>
		<bndbox>
			<xmin>294</xmin>
			<ymin>130</ymin>
			<xmax>355</xmax>
			<ymax>237</ymax>
		</bndbox>
	</object>
</annotation>
