<annotation>
	<folder>allpics_small</folder>
	<filename>0231.jpg</filename>
	<path>C:\Users\Administrator\Desktop\allpics_small\0231.jpg</path>
	<source>
		<database>Unknown</database>
	</source>
	<size>
		<width>640</width>
		<height>360</height>
		<depth>3</depth>
	</size>
	<segmented>0</segmented>
	<object>
		<name>in_helmet</name>
		<pose>Unspecified</pose>
		<truncated>0</truncated>
		<difficult>0</difficult>
		<bndbox>
			<xmin>177</xmin>
			<ymin>38</ymin>
			<xmax>218</xmax>
			<ymax>152</ymax>
		</bndbox>
	</object>
	<object>
		<name>no_helmet</name>
		<pose>Unspecified</pose>
		<truncated>0</truncated>
		<difficult>0</difficult>
		<bndbox>
			<xmin>246</xmin>
			<ymin>119</ymin>
			<xmax>301</xmax>
			<ymax>208</ymax>
		</bndbox>
	</object>
	<object>
		<name>no_helmet</name>
		<pose>Unspecified</pose>
		<truncated>0</truncated>
		<difficult>0</difficult>
		<bndbox>
			<xmin>297</xmin>
			<ymin>55</ymin>
			<xmax>324</xmax>
			<ymax>156</ymax>
		</bndbox>
	</object>
</annotation>
