<annotation>
	<folder>allpics_small</folder>
	<filename>0235.jpg</filename>
	<path>C:\Users\Administrator\Desktop\allpics_small\0235.jpg</path>
	<source>
		<database>Unknown</database>
	</source>
	<size>
		<width>640</width>
		<height>360</height>
		<depth>3</depth>
	</size>
	<segmented>0</segmented>
	<object>
		<name>no_helmet</name>
		<pose>Unspecified</pose>
		<truncated>0</truncated>
		<difficult>0</difficult>
		<bndbox>
			<xmin>469</xmin>
			<ymin>38</ymin>
			<xmax>510</xmax>
			<ymax>197</ymax>
		</bndbox>
	</object>
	<object>
		<name>no_helmet</name>
		<pose>Unspecified</pose>
		<truncated>0</truncated>
		<difficult>0</difficult>
		<bndbox>
			<xmin>280</xmin>
			<ymin>36</ymin>
			<xmax>316</xmax>
			<ymax>195</ymax>
		</bndbox>
	</object>
	<object>
		<name>in_helmet</name>
		<pose>Unspecified</pose>
		<truncated>0</truncated>
		<difficult>0</difficult>
		<bndbox>
			<xmin>358</xmin>
			<ymin>60</ymin>
			<xmax>414</xmax>
			<ymax>117</ymax>
		</bndbox>
	</object>
</annotation>
