<annotation>
	<folder>allpics_small</folder>
	<filename>0237.jpg</filename>
	<path>C:\Users\Administrator\Desktop\allpics_small\0237.jpg</path>
	<source>
		<database>Unknown</database>
	</source>
	<size>
		<width>640</width>
		<height>360</height>
		<depth>3</depth>
	</size>
	<segmented>0</segmented>
	<object>
		<name>no_helmet</name>
		<pose>Unspecified</pose>
		<truncated>0</truncated>
		<difficult>0</difficult>
		<bndbox>
			<xmin>429</xmin>
			<ymin>121</ymin>
			<xmax>498</xmax>
			<ymax>196</ymax>
		</bndbox>
	</object>
	<object>
		<name>no_helmet</name>
		<pose>Unspecified</pose>
		<truncated>0</truncated>
		<difficult>0</difficult>
		<bndbox>
			<xmin>423</xmin>
			<ymin>20</ymin>
			<xmax>455</xmax>
			<ymax>122</ymax>
		</bndbox>
	</object>
	<object>
		<name>in_helmet</name>
		<pose>Unspecified</pose>
		<truncated>0</truncated>
		<difficult>1</difficult>
		<bndbox>
			<xmin>531</xmin>
			<ymin>58</ymin>
			<xmax>578</xmax>
			<ymax>190</ymax>
		</bndbox>
	</object>
</annotation>
