<annotation>
	<folder>allpics_small</folder>
	<filename>0239.jpg</filename>
	<path>D:\allpics_small\0239.jpg</path>
	<source>
		<database>Unknown</database>
	</source>
	<size>
		<width>640</width>
		<height>360</height>
		<depth>3</depth>
	</size>
	<segmented>0</segmented>
	<object>
		<name>no_helmet</name>
		<pose>Unspecified</pose>
		<truncated>0</truncated>
		<difficult>1</difficult>
		<bndbox>
			<xmin>113</xmin>
			<ymin>15</ymin>
			<xmax>174</xmax>
			<ymax>166</ymax>
		</bndbox>
	</object>
	<object>
		<name>no_helmet</name>
		<pose>Unspecified</pose>
		<truncated>0</truncated>
		<difficult>0</difficult>
		<bndbox>
			<xmin>429</xmin>
			<ymin>32</ymin>
			<xmax>472</xmax>
			<ymax>184</ymax>
		</bndbox>
	</object>
	<object>
		<name>in_helmet</name>
		<pose>Unspecified</pose>
		<truncated>0</truncated>
		<difficult>1</difficult>
		<bndbox>
			<xmin>404</xmin>
			<ymin>15</ymin>
			<xmax>447</xmax>
			<ymax>157</ymax>
		</bndbox>
	</object>
</annotation>
