<annotation>
	<folder>allpics_small</folder>
	<filename>0242.jpg</filename>
	<path>C:\Users\Administrator\Desktop\allpics_small\0242.jpg</path>
	<source>
		<database>Unknown</database>
	</source>
	<size>
		<width>640</width>
		<height>360</height>
		<depth>3</depth>
	</size>
	<segmented>0</segmented>
	<object>
		<name>in_helmet</name>
		<pose>Unspecified</pose>
		<truncated>0</truncated>
		<difficult>0</difficult>
		<bndbox>
			<xmin>454</xmin>
			<ymin>144</ymin>
			<xmax>500</xmax>
			<ymax>278</ymax>
		</bndbox>
	</object>
	<object>
		<name>no_helmet</name>
		<pose>Unspecified</pose>
		<truncated>0</truncated>
		<difficult>0</difficult>
		<bndbox>
			<xmin>499</xmin>
			<ymin>159</ymin>
			<xmax>548</xmax>
			<ymax>298</ymax>
		</bndbox>
	</object>
</annotation>
