<annotation>
	<folder>allpics_small</folder>
	<filename>0253.jpg</filename>
	<path>C:\Users\Administrator\Desktop\allpics_small\0253.jpg</path>
	<source>
		<database>Unknown</database>
	</source>
	<size>
		<width>640</width>
		<height>360</height>
		<depth>3</depth>
	</size>
	<segmented>0</segmented>
	<object>
		<name>in_helmet</name>
		<pose>Unspecified</pose>
		<truncated>1</truncated>
		<difficult>0</difficult>
		<bndbox>
			<xmin>231</xmin>
			<ymin>82</ymin>
			<xmax>321</xmax>
			<ymax>360</ymax>
		</bndbox>
	</object>
	<object>
		<name>no_helmet</name>
		<pose>Unspecified</pose>
		<truncated>0</truncated>
		<difficult>0</difficult>
		<bndbox>
			<xmin>427</xmin>
			<ymin>98</ymin>
			<xmax>524</xmax>
			<ymax>308</ymax>
		</bndbox>
	</object>
</annotation>
