<annotation>
	<folder>allpics_small</folder>
	<filename>0254.jpg</filename>
	<path>D:\allpics_small\0254.jpg</path>
	<source>
		<database>Unknown</database>
	</source>
	<size>
		<width>640</width>
		<height>360</height>
		<depth>3</depth>
	</size>
	<segmented>0</segmented>
	<object>
		<name>no_helmet</name>
		<pose>Unspecified</pose>
		<truncated>0</truncated>
		<difficult>0</difficult>
		<bndbox>
			<xmin>203</xmin>
			<ymin>102</ymin>
			<xmax>294</xmax>
			<ymax>357</ymax>
		</bndbox>
	</object>
	<object>
		<name>no_helmet</name>
		<pose>Unspecified</pose>
		<truncated>1</truncated>
		<difficult>0</difficult>
		<bndbox>
			<xmin>458</xmin>
			<ymin>65</ymin>
			<xmax>555</xmax>
			<ymax>360</ymax>
		</bndbox>
	</object>
	<object>
		<name>in_helmet</name>
		<pose>Unspecified</pose>
		<truncated>1</truncated>
		<difficult>1</difficult>
		<bndbox>
			<xmin>560</xmin>
			<ymin>42</ymin>
			<xmax>640</xmax>
			<ymax>357</ymax>
		</bndbox>
	</object>
</annotation>
