<annotation>
	<folder>allpics_small</folder>
	<filename>0257.jpg</filename>
	<path>C:\Users\Administrator\Desktop\allpics_small\0257.jpg</path>
	<source>
		<database>Unknown</database>
	</source>
	<size>
		<width>640</width>
		<height>360</height>
		<depth>3</depth>
	</size>
	<segmented>0</segmented>
	<object>
		<name>in_helmet</name>
		<pose>Unspecified</pose>
		<truncated>0</truncated>
		<difficult>0</difficult>
		<bndbox>
			<xmin>284</xmin>
			<ymin>74</ymin>
			<xmax>335</xmax>
			<ymax>248</ymax>
		</bndbox>
	</object>
	<object>
		<name>no_helmet</name>
		<pose>Unspecified</pose>
		<truncated>0</truncated>
		<difficult>0</difficult>
		<bndbox>
			<xmin>55</xmin>
			<ymin>40</ymin>
			<xmax>110</xmax>
			<ymax>194</ymax>
		</bndbox>
	</object>
	<object>
		<name>no_helmet</name>
		<pose>Unspecified</pose>
		<truncated>0</truncated>
		<difficult>0</difficult>
		<bndbox>
			<xmin>187</xmin>
			<ymin>30</ymin>
			<xmax>225</xmax>
			<ymax>170</ymax>
		</bndbox>
	</object>
</annotation>
