<annotation>
	<folder>allpics_small</folder>
	<filename>0259.jpg</filename>
	<path>C:\Users\Administrator\Desktop\allpics_small\0259.jpg</path>
	<source>
		<database>Unknown</database>
	</source>
	<size>
		<width>640</width>
		<height>360</height>
		<depth>3</depth>
	</size>
	<segmented>0</segmented>
	<object>
		<name>in_helmet</name>
		<pose>Unspecified</pose>
		<truncated>0</truncated>
		<difficult>0</difficult>
		<bndbox>
			<xmin>393</xmin>
			<ymin>142</ymin>
			<xmax>449</xmax>
			<ymax>266</ymax>
		</bndbox>
	</object>
	<object>
		<name>no_helmet</name>
		<pose>Unspecified</pose>
		<truncated>0</truncated>
		<difficult>0</difficult>
		<bndbox>
			<xmin>550</xmin>
			<ymin>182</ymin>
			<xmax>594</xmax>
			<ymax>315</ymax>
		</bndbox>
	</object>
</annotation>
