<annotation>
	<folder>allpics_small</folder>
	<filename>0260.jpg</filename>
	<path>C:\Users\Administrator\Desktop\allpics_small\0260.jpg</path>
	<source>
		<database>Unknown</database>
	</source>
	<size>
		<width>640</width>
		<height>360</height>
		<depth>3</depth>
	</size>
	<segmented>0</segmented>
	<object>
		<name>no_helmet</name>
		<pose>Unspecified</pose>
		<truncated>0</truncated>
		<difficult>0</difficult>
		<bndbox>
			<xmin>462</xmin>
			<ymin>172</ymin>
			<xmax>512</xmax>
			<ymax>299</ymax>
		</bndbox>
	</object>
	<object>
		<name>in_helmet</name>
		<pose>Unspecified</pose>
		<truncated>0</truncated>
		<difficult>0</difficult>
		<bndbox>
			<xmin>374</xmin>
			<ymin>143</ymin>
			<xmax>417</xmax>
			<ymax>238</ymax>
		</bndbox>
	</object>
</annotation>
