<annotation>
	<folder>allpics_small</folder>
	<filename>0261.jpg</filename>
	<path>C:\Users\Administrator\Desktop\allpics_small\0261.jpg</path>
	<source>
		<database>Unknown</database>
	</source>
	<size>
		<width>640</width>
		<height>360</height>
		<depth>3</depth>
	</size>
	<segmented>0</segmented>
	<object>
		<name>in_helmet</name>
		<pose>Unspecified</pose>
		<truncated>0</truncated>
		<difficult>0</difficult>
		<bndbox>
			<xmin>227</xmin>
			<ymin>150</ymin>
			<xmax>271</xmax>
			<ymax>264</ymax>
		</bndbox>
	</object>
	<object>
		<name>no_helmet</name>
		<pose>Unspecified</pose>
		<truncated>0</truncated>
		<difficult>0</difficult>
		<bndbox>
			<xmin>331</xmin>
			<ymin>128</ymin>
			<xmax>355</xmax>
			<ymax>199</ymax>
		</bndbox>
	</object>
</annotation>
