<annotation>
	<folder>allpics_small</folder>
	<filename>0262.jpg</filename>
	<path>C:\Users\Administrator\Desktop\allpics_small\0262.jpg</path>
	<source>
		<database>Unknown</database>
	</source>
	<size>
		<width>640</width>
		<height>360</height>
		<depth>3</depth>
	</size>
	<segmented>0</segmented>
	<object>
		<name>no_helmet</name>
		<pose>Unspecified</pose>
		<truncated>0</truncated>
		<difficult>0</difficult>
		<bndbox>
			<xmin>255</xmin>
			<ymin>129</ymin>
			<xmax>287</xmax>
			<ymax>193</ymax>
		</bndbox>
	</object>
	<object>
		<name>in_helmet</name>
		<pose>Unspecified</pose>
		<truncated>0</truncated>
		<difficult>1</difficult>
		<bndbox>
			<xmin>282</xmin>
			<ymin>118</ymin>
			<xmax>300</xmax>
			<ymax>135</ymax>
		</bndbox>
	</object>
</annotation>
