<annotation>
	<folder>allpics_small</folder>
	<filename>0264.jpg</filename>
	<path>C:\Users\Administrator\Desktop\allpics_small\0264.jpg</path>
	<source>
		<database>Unknown</database>
	</source>
	<size>
		<width>640</width>
		<height>360</height>
		<depth>3</depth>
	</size>
	<segmented>0</segmented>
	<object>
		<name>no_helmet</name>
		<pose>Unspecified</pose>
		<truncated>0</truncated>
		<difficult>0</difficult>
		<bndbox>
			<xmin>296</xmin>
			<ymin>103</ymin>
			<xmax>320</xmax>
			<ymax>190</ymax>
		</bndbox>
	</object>
	<object>
		<name>in_helmet</name>
		<pose>Unspecified</pose>
		<truncated>0</truncated>
		<difficult>1</difficult>
		<bndbox>
			<xmin>259</xmin>
			<ymin>121</ymin>
			<xmax>294</xmax>
			<ymax>164</ymax>
		</bndbox>
	</object>
</annotation>
