<annotation>
	<folder>allpics_small</folder>
	<filename>0265.jpg</filename>
	<path>C:\Users\Administrator\Desktop\allpics_small\0265.jpg</path>
	<source>
		<database>Unknown</database>
	</source>
	<size>
		<width>640</width>
		<height>360</height>
		<depth>3</depth>
	</size>
	<segmented>0</segmented>
	<object>
		<name>no_helmet</name>
		<pose>Unspecified</pose>
		<truncated>0</truncated>
		<difficult>0</difficult>
		<bndbox>
			<xmin>292</xmin>
			<ymin>47</ymin>
			<xmax>345</xmax>
			<ymax>233</ymax>
		</bndbox>
	</object>
	<object>
		<name>no_helmet</name>
		<pose>Unspecified</pose>
		<truncated>0</truncated>
		<difficult>1</difficult>
		<bndbox>
			<xmin>153</xmin>
			<ymin>18</ymin>
			<xmax>220</xmax>
			<ymax>219</ymax>
		</bndbox>
	</object>
</annotation>
