<annotation>
	<folder>allpics_small</folder>
	<filename>0266.jpg</filename>
	<path>C:\Users\Administrator\Desktop\allpics_small\0266.jpg</path>
	<source>
		<database>Unknown</database>
	</source>
	<size>
		<width>640</width>
		<height>360</height>
		<depth>3</depth>
	</size>
	<segmented>0</segmented>
	<object>
		<name>no_helmet</name>
		<pose>Unspecified</pose>
		<truncated>0</truncated>
		<difficult>0</difficult>
		<bndbox>
			<xmin>295</xmin>
			<ymin>47</ymin>
			<xmax>349</xmax>
			<ymax>233</ymax>
		</bndbox>
	</object>
	<object>
		<name>no_helmet</name>
		<pose>Unspecified</pose>
		<truncated>0</truncated>
		<difficult>0</difficult>
		<bndbox>
			<xmin>168</xmin>
			<ymin>21</ymin>
			<xmax>232</xmax>
			<ymax>212</ymax>
		</bndbox>
	</object>
</annotation>
