<annotation>
	<folder>allpics_small</folder>
	<filename>0267.jpg</filename>
	<path>C:\Users\Administrator\Desktop\allpics_small\0267.jpg</path>
	<source>
		<database>Unknown</database>
	</source>
	<size>
		<width>640</width>
		<height>360</height>
		<depth>3</depth>
	</size>
	<segmented>0</segmented>
	<object>
		<name>no_helmet</name>
		<pose>Unspecified</pose>
		<truncated>0</truncated>
		<difficult>0</difficult>
		<bndbox>
			<xmin>220</xmin>
			<ymin>82</ymin>
			<xmax>311</xmax>
			<ymax>224</ymax>
		</bndbox>
	</object>
	<object>
		<name>no_helmet</name>
		<pose>Unspecified</pose>
		<truncated>0</truncated>
		<difficult>0</difficult>
		<bndbox>
			<xmin>166</xmin>
			<ymin>23</ymin>
			<xmax>220</xmax>
			<ymax>223</ymax>
		</bndbox>
	</object>
</annotation>
