<annotation>
	<folder>allpics_small</folder>
	<filename>0268.jpg</filename>
	<path>C:\Users\Administrator\Desktop\allpics_small\0268.jpg</path>
	<source>
		<database>Unknown</database>
	</source>
	<size>
		<width>640</width>
		<height>360</height>
		<depth>3</depth>
	</size>
	<segmented>0</segmented>
	<object>
		<name>no_helmet</name>
		<pose>Unspecified</pose>
		<truncated>0</truncated>
		<difficult>0</difficult>
		<bndbox>
			<xmin>283</xmin>
			<ymin>44</ymin>
			<xmax>341</xmax>
			<ymax>232</ymax>
		</bndbox>
	</object>
	<object>
		<name>no_helmet</name>
		<pose>Unspecified</pose>
		<truncated>0</truncated>
		<difficult>0</difficult>
		<bndbox>
			<xmin>167</xmin>
			<ymin>26</ymin>
			<xmax>229</xmax>
			<ymax>209</ymax>
		</bndbox>
	</object>
</annotation>
