<annotation>
	<folder>allpics_small</folder>
	<filename>0269.jpg</filename>
	<path>C:\Users\Administrator\Desktop\allpics_small\0269.jpg</path>
	<source>
		<database>Unknown</database>
	</source>
	<size>
		<width>640</width>
		<height>360</height>
		<depth>3</depth>
	</size>
	<segmented>0</segmented>
	<object>
		<name>no_helmet</name>
		<pose>Unspecified</pose>
		<truncated>0</truncated>
		<difficult>0</difficult>
		<bndbox>
			<xmin>310</xmin>
			<ymin>46</ymin>
			<xmax>379</xmax>
			<ymax>226</ymax>
		</bndbox>
	</object>
	<object>
		<name>in_helmet</name>
		<pose>Unspecified</pose>
		<truncated>0</truncated>
		<difficult>0</difficult>
		<bndbox>
			<xmin>153</xmin>
			<ymin>17</ymin>
			<xmax>240</xmax>
			<ymax>220</ymax>
		</bndbox>
	</object>
</annotation>
