<annotation>
	<folder>002</folder>
	<filename>0270.jpg</filename>
	<path>E:\allpics\002\0270.jpg</path>
	<source>
		<database>Unknown</database>
	</source>
	<size>
		<width>640</width>
		<height>360</height>
		<depth>3</depth>
	</size>
	<segmented>0</segmented>
	<object>
		<name>in_helmet</name>
		<pose>Unspecified</pose>
		<truncated>0</truncated>
		<difficult>0</difficult>
		<bndbox>
			<xmin>119</xmin>
			<ymin>77</ymin>
			<xmax>202</xmax>
			<ymax>296</ymax>
		</bndbox>
	</object>
	<object>
		<name>no_helmet</name>
		<pose>Unspecified</pose>
		<truncated>0</truncated>
		<difficult>0</difficult>
		<bndbox>
			<xmin>381</xmin>
			<ymin>97</ymin>
			<xmax>435</xmax>
			<ymax>259</ymax>
		</bndbox>
	</object>
</annotation>