<annotation>
	<folder>allpics_small</folder>
	<filename>0271.jpg</filename>
	<path>C:\Users\Administrator\Desktop\allpics_small\0271.jpg</path>
	<source>
		<database>Unknown</database>
	</source>
	<size>
		<width>640</width>
		<height>360</height>
		<depth>3</depth>
	</size>
	<segmented>0</segmented>
	<object>
		<name>in_helmet</name>
		<pose>Unspecified</pose>
		<truncated>0</truncated>
		<difficult>0</difficult>
		<bndbox>
			<xmin>123</xmin>
			<ymin>77</ymin>
			<xmax>210</xmax>
			<ymax>301</ymax>
		</bndbox>
	</object>
	<object>
		<name>no_helmet</name>
		<pose>Unspecified</pose>
		<truncated>0</truncated>
		<difficult>0</difficult>
		<bndbox>
			<xmin>369</xmin>
			<ymin>100</ymin>
			<xmax>435</xmax>
			<ymax>272</ymax>
		</bndbox>
	</object>
</annotation>
