<annotation>
	<folder>allpics_small</folder>
	<filename>0272.jpg</filename>
	<path>C:\Users\Administrator\Desktop\allpics_small\0272.jpg</path>
	<source>
		<database>Unknown</database>
	</source>
	<size>
		<width>640</width>
		<height>360</height>
		<depth>3</depth>
	</size>
	<segmented>0</segmented>
	<object>
		<name>no_helmet</name>
		<pose>Unspecified</pose>
		<truncated>0</truncated>
		<difficult>0</difficult>
		<bndbox>
			<xmin>426</xmin>
			<ymin>153</ymin>
			<xmax>485</xmax>
			<ymax>295</ymax>
		</bndbox>
	</object>
	<object>
		<name>in_helmet</name>
		<pose>Unspecified</pose>
		<truncated>0</truncated>
		<difficult>0</difficult>
		<bndbox>
			<xmin>501</xmin>
			<ymin>200</ymin>
			<xmax>567</xmax>
			<ymax>359</ymax>
		</bndbox>
	</object>
</annotation>
