<annotation>
	<folder>allpics_small</folder>
	<filename>0273.jpg</filename>
	<path>C:\Users\Administrator\Desktop\allpics_small\0273.jpg</path>
	<source>
		<database>Unknown</database>
	</source>
	<size>
		<width>640</width>
		<height>360</height>
		<depth>3</depth>
	</size>
	<segmented>0</segmented>
	<object>
		<name>no_helmet</name>
		<pose>Unspecified</pose>
		<truncated>0</truncated>
		<difficult>0</difficult>
		<bndbox>
			<xmin>443</xmin>
			<ymin>142</ymin>
			<xmax>495</xmax>
			<ymax>276</ymax>
		</bndbox>
	</object>
	<object>
		<name>in_helmet</name>
		<pose>Unspecified</pose>
		<truncated>1</truncated>
		<difficult>1</difficult>
		<bndbox>
			<xmin>597</xmin>
			<ymin>194</ymin>
			<xmax>640</xmax>
			<ymax>356</ymax>
		</bndbox>
	</object>
</annotation>
