<annotation>
	<folder>allpics_small</folder>
	<filename>0274.jpg</filename>
	<path>C:\Users\Administrator\Desktop\allpics_small\0274.jpg</path>
	<source>
		<database>Unknown</database>
	</source>
	<size>
		<width>640</width>
		<height>360</height>
		<depth>3</depth>
	</size>
	<segmented>0</segmented>
	<object>
		<name>no_helmet</name>
		<pose>Unspecified</pose>
		<truncated>0</truncated>
		<difficult>0</difficult>
		<bndbox>
			<xmin>447</xmin>
			<ymin>138</ymin>
			<xmax>517</xmax>
			<ymax>272</ymax>
		</bndbox>
	</object>
</annotation>
