<annotation>
	<folder>allpics_small</folder>
	<filename>0295.jpg</filename>
	<path>C:\Users\Administrator\Desktop\allpics_small\0295.jpg</path>
	<source>
		<database>Unknown</database>
	</source>
	<size>
		<width>640</width>
		<height>360</height>
		<depth>3</depth>
	</size>
	<segmented>0</segmented>
	<object>
		<name>no_helmet</name>
		<pose>Unspecified</pose>
		<truncated>0</truncated>
		<difficult>0</difficult>
		<bndbox>
			<xmin>166</xmin>
			<ymin>129</ymin>
			<xmax>220</xmax>
			<ymax>351</ymax>
		</bndbox>
	</object>
	<object>
		<name>in_helmet</name>
		<pose>Unspecified</pose>
		<truncated>0</truncated>
		<difficult>0</difficult>
		<bndbox>
			<xmin>29</xmin>
			<ymin>119</ymin>
			<xmax>111</xmax>
			<ymax>352</ymax>
		</bndbox>
	</object>
</annotation>
