<annotation>
	<folder>allpics_small</folder>
	<filename>0296.jpg</filename>
	<path>D:\allpics_small\0296.jpg</path>
	<source>
		<database>Unknown</database>
	</source>
	<size>
		<width>640</width>
		<height>360</height>
		<depth>3</depth>
	</size>
	<segmented>0</segmented>
	<object>
		<name>no_helmet</name>
		<pose>Unspecified</pose>
		<truncated>0</truncated>
		<difficult>0</difficult>
		<bndbox>
			<xmin>248</xmin>
			<ymin>128</ymin>
			<xmax>300</xmax>
			<ymax>343</ymax>
		</bndbox>
	</object>
	<object>
		<name>in_helmet</name>
		<pose>Unspecified</pose>
		<truncated>0</truncated>
		<difficult>0</difficult>
		<bndbox>
			<xmin>187</xmin>
			<ymin>128</ymin>
			<xmax>248</xmax>
			<ymax>359</ymax>
		</bndbox>
	</object>
</annotation>
