<annotation>
	<folder>allpics_small</folder>
	<filename>0297.jpg</filename>
	<path>C:\Users\Administrator\Desktop\allpics_small\0297.jpg</path>
	<source>
		<database>Unknown</database>
	</source>
	<size>
		<width>640</width>
		<height>360</height>
		<depth>3</depth>
	</size>
	<segmented>0</segmented>
	<object>
		<name>no_helmet</name>
		<pose>Unspecified</pose>
		<truncated>0</truncated>
		<difficult>1</difficult>
		<bndbox>
			<xmin>303</xmin>
			<ymin>120</ymin>
			<xmax>364</xmax>
			<ymax>197</ymax>
		</bndbox>
	</object>
	<object>
		<name>in_helmet</name>
		<pose>Unspecified</pose>
		<truncated>1</truncated>
		<difficult>0</difficult>
		<bndbox>
			<xmin>299</xmin>
			<ymin>182</ymin>
			<xmax>407</xmax>
			<ymax>360</ymax>
		</bndbox>
	</object>
</annotation>
