<annotation>
	<folder>allpics_small</folder>
	<filename>0299.jpg</filename>
	<path>C:\Users\Administrator\Desktop\allpics_small\0299.jpg</path>
	<source>
		<database>Unknown</database>
	</source>
	<size>
		<width>640</width>
		<height>360</height>
		<depth>3</depth>
	</size>
	<segmented>0</segmented>
	<object>
		<name>no_helmet</name>
		<pose>Unspecified</pose>
		<truncated>0</truncated>
		<difficult>0</difficult>
		<bndbox>
			<xmin>196</xmin>
			<ymin>101</ymin>
			<xmax>282</xmax>
			<ymax>303</ymax>
		</bndbox>
	</object>
	<object>
		<name>no_helmet</name>
		<pose>Unspecified</pose>
		<truncated>0</truncated>
		<difficult>1</difficult>
		<bndbox>
			<xmin>469</xmin>
			<ymin>86</ymin>
			<xmax>506</xmax>
			<ymax>250</ymax>
		</bndbox>
	</object>
	<object>
		<name>in_helmet</name>
		<pose>Unspecified</pose>
		<truncated>0</truncated>
		<difficult>0</difficult>
		<bndbox>
			<xmin>500</xmin>
			<ymin>130</ymin>
			<xmax>577</xmax>
			<ymax>289</ymax>
		</bndbox>
	</object>
	<object>
		<name>in_helmet</name>
		<pose>Unspecified</pose>
		<truncated>0</truncated>
		<difficult>0</difficult>
		<bndbox>
			<xmin>567</xmin>
			<ymin>163</ymin>
			<xmax>612</xmax>
			<ymax>244</ymax>
		</bndbox>
	</object>
</annotation>
