<annotation>
	<folder>allpics_small</folder>
	<filename>0331.jpg</filename>
	<path>C:\Users\Administrator\Desktop\allpics_small\0331.jpg</path>
	<source>
		<database>Unknown</database>
	</source>
	<size>
		<width>640</width>
		<height>360</height>
		<depth>3</depth>
	</size>
	<segmented>0</segmented>
	<object>
		<name>no_helmet</name>
		<pose>Unspecified</pose>
		<truncated>0</truncated>
		<difficult>0</difficult>
		<bndbox>
			<xmin>115</xmin>
			<ymin>175</ymin>
			<xmax>165</xmax>
			<ymax>326</ymax>
		</bndbox>
	</object>
	<object>
		<name>no_helmet</name>
		<pose>Unspecified</pose>
		<truncated>0</truncated>
		<difficult>0</difficult>
		<bndbox>
			<xmin>418</xmin>
			<ymin>183</ymin>
			<xmax>469</xmax>
			<ymax>327</ymax>
		</bndbox>
	</object>
	<object>
		<name>no_helmet</name>
		<pose>Unspecified</pose>
		<truncated>0</truncated>
		<difficult>0</difficult>
		<bndbox>
			<xmin>587</xmin>
			<ymin>173</ymin>
			<xmax>625</xmax>
			<ymax>283</ymax>
		</bndbox>
	</object>
	<object>
		<name>in_helmet</name>
		<pose>Unspecified</pose>
		<truncated>0</truncated>
		<difficult>0</difficult>
		<bndbox>
			<xmin>517</xmin>
			<ymin>199</ymin>
			<xmax>573</xmax>
			<ymax>355</ymax>
		</bndbox>
	</object>
	<object>
		<name>in_helmet</name>
		<pose>Unspecified</pose>
		<truncated>0</truncated>
		<difficult>0</difficult>
		<bndbox>
			<xmin>362</xmin>
			<ymin>165</ymin>
			<xmax>404</xmax>
			<ymax>300</ymax>
		</bndbox>
	</object>
	<object>
		<name>in_helmet</name>
		<pose>Unspecified</pose>
		<truncated>0</truncated>
		<difficult>0</difficult>
		<bndbox>
			<xmin>271</xmin>
			<ymin>175</ymin>
			<xmax>332</xmax>
			<ymax>262</ymax>
		</bndbox>
	</object>
	<object>
		<name>in_helmet</name>
		<pose>Unspecified</pose>
		<truncated>0</truncated>
		<difficult>0</difficult>
		<bndbox>
			<xmin>249</xmin>
			<ymin>262</ymin>
			<xmax>309</xmax>
			<ymax>343</ymax>
		</bndbox>
	</object>
</annotation>
