<annotation>
	<folder>allpics_small</folder>
	<filename>0339.jpg</filename>
	<path>D:\allpics_small\0339.jpg</path>
	<source>
		<database>Unknown</database>
	</source>
	<size>
		<width>640</width>
		<height>360</height>
		<depth>3</depth>
	</size>
	<segmented>0</segmented>
	<object>
		<name>in_helmet</name>
		<pose>Unspecified</pose>
		<truncated>0</truncated>
		<difficult>0</difficult>
		<bndbox>
			<xmin>522</xmin>
			<ymin>65</ymin>
			<xmax>557</xmax>
			<ymax>212</ymax>
		</bndbox>
	</object>
	<object>
		<name>in_helmet</name>
		<pose>Unspecified</pose>
		<truncated>0</truncated>
		<difficult>1</difficult>
		<bndbox>
			<xmin>315</xmin>
			<ymin>48</ymin>
			<xmax>371</xmax>
			<ymax>130</ymax>
		</bndbox>
	</object>
	<object>
		<name>no_helmet</name>
		<pose>Unspecified</pose>
		<truncated>0</truncated>
		<difficult>0</difficult>
		<bndbox>
			<xmin>349</xmin>
			<ymin>131</ymin>
			<xmax>415</xmax>
			<ymax>206</ymax>
		</bndbox>
	</object>
</annotation>
