<annotation>
	<folder>allpics_small</folder>
	<filename>0341.jpg</filename>
	<path>C:\Users\Administrator\Desktop\allpics_small\0341.jpg</path>
	<source>
		<database>Unknown</database>
	</source>
	<size>
		<width>640</width>
		<height>360</height>
		<depth>3</depth>
	</size>
	<segmented>0</segmented>
	<object>
		<name>in_helmet</name>
		<pose>Unspecified</pose>
		<truncated>1</truncated>
		<difficult>0</difficult>
		<bndbox>
			<xmin>534</xmin>
			<ymin>194</ymin>
			<xmax>622</xmax>
			<ymax>360</ymax>
		</bndbox>
	</object>
	<object>
		<name>no_helmet</name>
		<pose>Unspecified</pose>
		<truncated>0</truncated>
		<difficult>0</difficult>
		<bndbox>
			<xmin>50</xmin>
			<ymin>159</ymin>
			<xmax>129</xmax>
			<ymax>358</ymax>
		</bndbox>
	</object>
</annotation>
