<annotation>
	<folder>allpics_small</folder>
	<filename>0342.jpg</filename>
	<path>C:\Users\Administrator\Desktop\allpics_small\0342.jpg</path>
	<source>
		<database>Unknown</database>
	</source>
	<size>
		<width>640</width>
		<height>360</height>
		<depth>3</depth>
	</size>
	<segmented>0</segmented>
	<object>
		<name>no_helmet</name>
		<pose>Unspecified</pose>
		<truncated>1</truncated>
		<difficult>1</difficult>
		<bndbox>
			<xmin>1</xmin>
			<ymin>162</ymin>
			<xmax>44</xmax>
			<ymax>360</ymax>
		</bndbox>
	</object>
</annotation>
