<annotation>
	<folder>allpics_small</folder>
	<filename>0343.jpg</filename>
	<path>C:\Users\Administrator\Desktop\allpics_small\0343.jpg</path>
	<source>
		<database>Unknown</database>
	</source>
	<size>
		<width>640</width>
		<height>360</height>
		<depth>3</depth>
	</size>
	<segmented>0</segmented>
	<object>
		<name>in_helmet</name>
		<pose>Unspecified</pose>
		<truncated>0</truncated>
		<difficult>0</difficult>
		<bndbox>
			<xmin>224</xmin>
			<ymin>188</ymin>
			<xmax>253</xmax>
			<ymax>232</ymax>
		</bndbox>
	</object>
	<object>
		<name>in_helmet</name>
		<pose>Unspecified</pose>
		<truncated>0</truncated>
		<difficult>0</difficult>
		<bndbox>
			<xmin>427</xmin>
			<ymin>151</ymin>
			<xmax>443</xmax>
			<ymax>193</ymax>
		</bndbox>
	</object>
	<object>
		<name>no_helmet</name>
		<pose>Unspecified</pose>
		<truncated>0</truncated>
		<difficult>1</difficult>
		<bndbox>
			<xmin>399</xmin>
			<ymin>150</ymin>
			<xmax>411</xmax>
			<ymax>189</ymax>
		</bndbox>
	</object>
	<object>
		<name>in_helmet</name>
		<pose>Unspecified</pose>
		<truncated>0</truncated>
		<difficult>1</difficult>
		<bndbox>
			<xmin>377</xmin>
			<ymin>162</ymin>
			<xmax>397</xmax>
			<ymax>187</ymax>
		</bndbox>
	</object>
</annotation>
