<annotation>
	<folder>allpics_small</folder>
	<filename>0345.jpg</filename>
	<path>C:\Users\Administrator\Desktop\allpics_small\0345.jpg</path>
	<source>
		<database>Unknown</database>
	</source>
	<size>
		<width>640</width>
		<height>360</height>
		<depth>3</depth>
	</size>
	<segmented>0</segmented>
	<object>
		<name>in_helmet</name>
		<pose>Unspecified</pose>
		<truncated>0</truncated>
		<difficult>0</difficult>
		<bndbox>
			<xmin>391</xmin>
			<ymin>93</ymin>
			<xmax>424</xmax>
			<ymax>201</ymax>
		</bndbox>
	</object>
	<object>
		<name>no_helmet</name>
		<pose>Unspecified</pose>
		<truncated>0</truncated>
		<difficult>0</difficult>
		<bndbox>
			<xmin>295</xmin>
			<ymin>89</ymin>
			<xmax>327</xmax>
			<ymax>193</ymax>
		</bndbox>
	</object>
	<object>
		<name>in_helmet</name>
		<pose>Unspecified</pose>
		<truncated>0</truncated>
		<difficult>0</difficult>
		<bndbox>
			<xmin>246</xmin>
			<ymin>134</ymin>
			<xmax>280</xmax>
			<ymax>190</ymax>
		</bndbox>
	</object>
</annotation>
