<annotation>
	<folder>allpics_small</folder>
	<filename>0346.jpg</filename>
	<path>C:\Users\Administrator\Desktop\allpics_small\0346.jpg</path>
	<source>
		<database>Unknown</database>
	</source>
	<size>
		<width>640</width>
		<height>360</height>
		<depth>3</depth>
	</size>
	<segmented>0</segmented>
	<object>
		<name>in_helmet</name>
		<pose>Unspecified</pose>
		<truncated>0</truncated>
		<difficult>0</difficult>
		<bndbox>
			<xmin>244</xmin>
			<ymin>134</ymin>
			<xmax>283</xmax>
			<ymax>193</ymax>
		</bndbox>
	</object>
	<object>
		<name>in_helmet</name>
		<pose>Unspecified</pose>
		<truncated>0</truncated>
		<difficult>1</difficult>
		<bndbox>
			<xmin>392</xmin>
			<ymin>93</ymin>
			<xmax>425</xmax>
			<ymax>201</ymax>
		</bndbox>
	</object>
	<object>
		<name>no_helmet</name>
		<pose>Unspecified</pose>
		<truncated>0</truncated>
		<difficult>0</difficult>
		<bndbox>
			<xmin>298</xmin>
			<ymin>87</ymin>
			<xmax>326</xmax>
			<ymax>197</ymax>
		</bndbox>
	</object>
</annotation>
