<annotation>
	<folder>allpics_small</folder>
	<filename>0405.jpg</filename>
	<path>C:\Users\Administrator\Desktop\allpics_small\0405.jpg</path>
	<source>
		<database>Unknown</database>
	</source>
	<size>
		<width>640</width>
		<height>360</height>
		<depth>3</depth>
	</size>
	<segmented>0</segmented>
	<object>
		<name>in_helmet</name>
		<pose>Unspecified</pose>
		<truncated>0</truncated>
		<difficult>0</difficult>
		<bndbox>
			<xmin>324</xmin>
			<ymin>45</ymin>
			<xmax>385</xmax>
			<ymax>215</ymax>
		</bndbox>
	</object>
	<object>
		<name>in_helmet</name>
		<pose>Unspecified</pose>
		<truncated>0</truncated>
		<difficult>0</difficult>
		<bndbox>
			<xmin>456</xmin>
			<ymin>27</ymin>
			<xmax>508</xmax>
			<ymax>137</ymax>
		</bndbox>
	</object>
	<object>
		<name>no_helmet</name>
		<pose>Unspecified</pose>
		<truncated>0</truncated>
		<difficult>0</difficult>
		<bndbox>
			<xmin>503</xmin>
			<ymin>116</ymin>
			<xmax>567</xmax>
			<ymax>189</ymax>
		</bndbox>
	</object>
	<object>
		<name>no_helmet</name>
		<pose>Unspecified</pose>
		<truncated>0</truncated>
		<difficult>0</difficult>
		<bndbox>
			<xmin>414</xmin>
			<ymin>51</ymin>
			<xmax>458</xmax>
			<ymax>221</ymax>
		</bndbox>
	</object>
</annotation>
