<annotation>
	<folder>allpics_small</folder>
	<filename>0411.jpg</filename>
	<path>C:\Users\Administrator\Desktop\allpics_small\0411.jpg</path>
	<source>
		<database>Unknown</database>
	</source>
	<size>
		<width>640</width>
		<height>360</height>
		<depth>3</depth>
	</size>
	<segmented>0</segmented>
	<object>
		<name>no_helmet</name>
		<pose>Unspecified</pose>
		<truncated>0</truncated>
		<difficult>0</difficult>
		<bndbox>
			<xmin>243</xmin>
			<ymin>57</ymin>
			<xmax>277</xmax>
			<ymax>83</ymax>
		</bndbox>
	</object>
	<object>
		<name>no_helmet</name>
		<pose>Unspecified</pose>
		<truncated>0</truncated>
		<difficult>0</difficult>
		<bndbox>
			<xmin>239</xmin>
			<ymin>82</ymin>
			<xmax>285</xmax>
			<ymax>177</ymax>
		</bndbox>
	</object>
	<object>
		<name>no_helmet</name>
		<pose>Unspecified</pose>
		<truncated>0</truncated>
		<difficult>0</difficult>
		<bndbox>
			<xmin>368</xmin>
			<ymin>162</ymin>
			<xmax>413</xmax>
			<ymax>250</ymax>
		</bndbox>
	</object>
	<object>
		<name>no_helmet</name>
		<pose>Unspecified</pose>
		<truncated>0</truncated>
		<difficult>0</difficult>
		<bndbox>
			<xmin>401</xmin>
			<ymin>158</ymin>
			<xmax>444</xmax>
			<ymax>206</ymax>
		</bndbox>
	</object>
	<object>
		<name>in_helmet</name>
		<pose>Unspecified</pose>
		<truncated>0</truncated>
		<difficult>0</difficult>
		<bndbox>
			<xmin>468</xmin>
			<ymin>119</ymin>
			<xmax>524</xmax>
			<ymax>214</ymax>
		</bndbox>
	</object>
	<object>
		<name>in_helmet</name>
		<pose>Unspecified</pose>
		<truncated>0</truncated>
		<difficult>0</difficult>
		<bndbox>
			<xmin>284</xmin>
			<ymin>165</ymin>
			<xmax>353</xmax>
			<ymax>275</ymax>
		</bndbox>
	</object>
	<object>
		<name>in_helmet</name>
		<pose>Unspecified</pose>
		<truncated>0</truncated>
		<difficult>0</difficult>
		<bndbox>
			<xmin>211</xmin>
			<ymin>169</ymin>
			<xmax>282</xmax>
			<ymax>262</ymax>
		</bndbox>
	</object>
</annotation>
