<annotation>
	<folder>allpics_small</folder>
	<filename>0421.jpg</filename>
	<path>C:\Users\Administrator\Desktop\allpics_small\0421.jpg</path>
	<source>
		<database>Unknown</database>
	</source>
	<size>
		<width>640</width>
		<height>360</height>
		<depth>3</depth>
	</size>
	<segmented>0</segmented>
	<object>
		<name>no_helmet</name>
		<pose>Unspecified</pose>
		<truncated>0</truncated>
		<difficult>0</difficult>
		<bndbox>
			<xmin>478</xmin>
			<ymin>182</ymin>
			<xmax>514</xmax>
			<ymax>291</ymax>
		</bndbox>
	</object>
</annotation>
