<annotation>
	<folder>allpics_small</folder>
	<filename>0463.jpg</filename>
	<path>D:\allpics_small\0463.jpg</path>
	<source>
		<database>Unknown</database>
	</source>
	<size>
		<width>640</width>
		<height>360</height>
		<depth>3</depth>
	</size>
	<segmented>0</segmented>
	<object>
		<name>no_helmet</name>
		<pose>Unspecified</pose>
		<truncated>1</truncated>
		<difficult>0</difficult>
		<bndbox>
			<xmin>407</xmin>
			<ymin>99</ymin>
			<xmax>523</xmax>
			<ymax>360</ymax>
		</bndbox>
	</object>
</annotation>
