<annotation>
	<folder>allpics_small</folder>
	<filename>0474.jpg</filename>
	<path>D:\allpics_small\0474.jpg</path>
	<source>
		<database>Unknown</database>
	</source>
	<size>
		<width>640</width>
		<height>360</height>
		<depth>3</depth>
	</size>
	<segmented>0</segmented>
	<object>
		<name>in_helmet</name>
		<pose>Unspecified</pose>
		<truncated>0</truncated>
		<difficult>0</difficult>
		<bndbox>
			<xmin>219</xmin>
			<ymin>150</ymin>
			<xmax>283</xmax>
			<ymax>353</ymax>
		</bndbox>
	</object>
	<object>
		<name>no_helmet</name>
		<pose>Unspecified</pose>
		<truncated>0</truncated>
		<difficult>0</difficult>
		<bndbox>
			<xmin>528</xmin>
			<ymin>154</ymin>
			<xmax>592</xmax>
			<ymax>327</ymax>
		</bndbox>
	</object>
</annotation>
