<annotation>
	<folder>allpics_small</folder>
	<filename>0475.jpg</filename>
	<path>C:\Users\Administrator\Desktop\allpics_small\0475.jpg</path>
	<source>
		<database>Unknown</database>
	</source>
	<size>
		<width>640</width>
		<height>360</height>
		<depth>3</depth>
	</size>
	<segmented>0</segmented>
	<object>
		<name>no_helmet</name>
		<pose>Unspecified</pose>
		<truncated>0</truncated>
		<difficult>0</difficult>
		<bndbox>
			<xmin>499</xmin>
			<ymin>149</ymin>
			<xmax>562</xmax>
			<ymax>332</ymax>
		</bndbox>
	</object>
	<object>
		<name>in_helmet</name>
		<pose>Unspecified</pose>
		<truncated>1</truncated>
		<difficult>0</difficult>
		<bndbox>
			<xmin>218</xmin>
			<ymin>148</ymin>
			<xmax>274</xmax>
			<ymax>360</ymax>
		</bndbox>
	</object>
</annotation>
