<annotation>
	<folder>allpics_small</folder>
	<filename>0476.jpg</filename>
	<path>D:\allpics_small\0476.jpg</path>
	<source>
		<database>Unknown</database>
	</source>
	<size>
		<width>640</width>
		<height>360</height>
		<depth>3</depth>
	</size>
	<segmented>0</segmented>
	<object>
		<name>in_helmet</name>
		<pose>Unspecified</pose>
		<truncated>0</truncated>
		<difficult>0</difficult>
		<bndbox>
			<xmin>221</xmin>
			<ymin>148</ymin>
			<xmax>298</xmax>
			<ymax>359</ymax>
		</bndbox>
	</object>
	<object>
		<name>no_helmet</name>
		<pose>Unspecified</pose>
		<truncated>0</truncated>
		<difficult>0</difficult>
		<bndbox>
			<xmin>479</xmin>
			<ymin>150</ymin>
			<xmax>548</xmax>
			<ymax>329</ymax>
		</bndbox>
	</object>
</annotation>
