<annotation>
	<folder>allpics_small</folder>
	<filename>0477.jpg</filename>
	<path>C:\Users\Administrator\Desktop\allpics_small\0477.jpg</path>
	<source>
		<database>Unknown</database>
	</source>
	<size>
		<width>640</width>
		<height>360</height>
		<depth>3</depth>
	</size>
	<segmented>0</segmented>
	<object>
		<name>no_helmet</name>
		<pose>Unspecified</pose>
		<truncated>0</truncated>
		<difficult>0</difficult>
		<bndbox>
			<xmin>374</xmin>
			<ymin>66</ymin>
			<xmax>447</xmax>
			<ymax>221</ymax>
		</bndbox>
	</object>
	<object>
		<name>in_helmet</name>
		<pose>Unspecified</pose>
		<truncated>0</truncated>
		<difficult>0</difficult>
		<bndbox>
			<xmin>559</xmin>
			<ymin>41</ymin>
			<xmax>624</xmax>
			<ymax>243</ymax>
		</bndbox>
	</object>
	<object>
		<name>in_helmet</name>
		<pose>Unspecified</pose>
		<truncated>0</truncated>
		<difficult>0</difficult>
		<bndbox>
			<xmin>60</xmin>
			<ymin>39</ymin>
			<xmax>145</xmax>
			<ymax>259</ymax>
		</bndbox>
	</object>
</annotation>
