<annotation>
	<folder>allpics_small</folder>
	<filename>0480.jpg</filename>
	<path>C:\Users\Administrator\Desktop\allpics_small\0480.jpg</path>
	<source>
		<database>Unknown</database>
	</source>
	<size>
		<width>640</width>
		<height>360</height>
		<depth>3</depth>
	</size>
	<segmented>0</segmented>
	<object>
		<name>no_helmet</name>
		<pose>Unspecified</pose>
		<truncated>0</truncated>
		<difficult>0</difficult>
		<bndbox>
			<xmin>377</xmin>
			<ymin>117</ymin>
			<xmax>484</xmax>
			<ymax>354</ymax>
		</bndbox>
	</object>
	<object>
		<name>in_helmet</name>
		<pose>Unspecified</pose>
		<truncated>0</truncated>
		<difficult>0</difficult>
		<bndbox>
			<xmin>511</xmin>
			<ymin>87</ymin>
			<xmax>584</xmax>
			<ymax>299</ymax>
		</bndbox>
	</object>
	<object>
		<name>in_helmet</name>
		<pose>Unspecified</pose>
		<truncated>0</truncated>
		<difficult>0</difficult>
		<bndbox>
			<xmin>19</xmin>
			<ymin>44</ymin>
			<xmax>80</xmax>
			<ymax>124</ymax>
		</bndbox>
	</object>
</annotation>
