<annotation>
	<folder>allpics_small</folder>
	<filename>0484.jpg</filename>
	<path>C:\Users\Administrator\Desktop\allpics_small\0484.jpg</path>
	<source>
		<database>Unknown</database>
	</source>
	<size>
		<width>640</width>
		<height>360</height>
		<depth>3</depth>
	</size>
	<segmented>0</segmented>
	<object>
		<name>in_helmet</name>
		<pose>Unspecified</pose>
		<truncated>0</truncated>
		<difficult>0</difficult>
		<bndbox>
			<xmin>513</xmin>
			<ymin>123</ymin>
			<xmax>610</xmax>
			<ymax>335</ymax>
		</bndbox>
	</object>
	<object>
		<name>in_helmet</name>
		<pose>Unspecified</pose>
		<truncated>0</truncated>
		<difficult>0</difficult>
		<bndbox>
			<xmin>11</xmin>
			<ymin>71</ymin>
			<xmax>66</xmax>
			<ymax>168</ymax>
		</bndbox>
	</object>
	<object>
		<name>no_helmet</name>
		<pose>Unspecified</pose>
		<truncated>0</truncated>
		<difficult>0</difficult>
		<bndbox>
			<xmin>313</xmin>
			<ymin>134</ymin>
			<xmax>367</xmax>
			<ymax>262</ymax>
		</bndbox>
	</object>
</annotation>
