<annotation>
	<folder>allpics_small</folder>
	<filename>0485.jpg</filename>
	<path>D:\allpics_small\0485.jpg</path>
	<source>
		<database>Unknown</database>
	</source>
	<size>
		<width>640</width>
		<height>360</height>
		<depth>3</depth>
	</size>
	<segmented>0</segmented>
	<object>
		<name>in_helmet</name>
		<pose>Unspecified</pose>
		<truncated>0</truncated>
		<difficult>0</difficult>
		<bndbox>
			<xmin>187</xmin>
			<ymin>169</ymin>
			<xmax>239</xmax>
			<ymax>273</ymax>
		</bndbox>
	</object>
	<object>
		<name>in_helmet</name>
		<pose>Unspecified</pose>
		<truncated>0</truncated>
		<difficult>1</difficult>
		<bndbox>
			<xmin>113</xmin>
			<ymin>148</ymin>
			<xmax>197</xmax>
			<ymax>310</ymax>
		</bndbox>
	</object>
</annotation>
