<annotation>
	<folder>allpics_small</folder>
	<filename>0486.jpg</filename>
	<path>C:\Users\Administrator\Desktop\allpics_small\0486.jpg</path>
	<source>
		<database>Unknown</database>
	</source>
	<size>
		<width>640</width>
		<height>360</height>
		<depth>3</depth>
	</size>
	<segmented>0</segmented>
	<object>
		<name>in_helmet</name>
		<pose>Unspecified</pose>
		<truncated>0</truncated>
		<difficult>0</difficult>
		<bndbox>
			<xmin>127</xmin>
			<ymin>167</ymin>
			<xmax>187</xmax>
			<ymax>295</ymax>
		</bndbox>
	</object>
	<object>
		<name>in_helmet</name>
		<pose>Unspecified</pose>
		<truncated>0</truncated>
		<difficult>0</difficult>
		<bndbox>
			<xmin>175</xmin>
			<ymin>155</ymin>
			<xmax>222</xmax>
			<ymax>198</ymax>
		</bndbox>
	</object>
</annotation>
