<annotation>
	<folder>allpics_small</folder>
	<filename>0491.jpg</filename>
	<path>C:\Users\Administrator\Desktop\allpics_small\0491.jpg</path>
	<source>
		<database>Unknown</database>
	</source>
	<size>
		<width>640</width>
		<height>360</height>
		<depth>3</depth>
	</size>
	<segmented>0</segmented>
	<object>
		<name>in_helmet</name>
		<pose>Unspecified</pose>
		<truncated>0</truncated>
		<difficult>0</difficult>
		<bndbox>
			<xmin>302</xmin>
			<ymin>120</ymin>
			<xmax>358</xmax>
			<ymax>223</ymax>
		</bndbox>
	</object>
	<object>
		<name>in_helmet</name>
		<pose>Unspecified</pose>
		<truncated>0</truncated>
		<difficult>0</difficult>
		<bndbox>
			<xmin>167</xmin>
			<ymin>151</ymin>
			<xmax>231</xmax>
			<ymax>307</ymax>
		</bndbox>
	</object>
	<object>
		<name>no_helmet</name>
		<pose>Unspecified</pose>
		<truncated>0</truncated>
		<difficult>0</difficult>
		<bndbox>
			<xmin>125</xmin>
			<ymin>153</ymin>
			<xmax>171</xmax>
			<ymax>299</ymax>
		</bndbox>
	</object>
</annotation>
