<annotation>
	<folder>allpics_small</folder>
	<filename>0492.jpg</filename>
	<path>C:\Users\Administrator\Desktop\allpics_small\0492.jpg</path>
	<source>
		<database>Unknown</database>
	</source>
	<size>
		<width>640</width>
		<height>360</height>
		<depth>3</depth>
	</size>
	<segmented>0</segmented>
	<object>
		<name>in_helmet</name>
		<pose>Unspecified</pose>
		<truncated>0</truncated>
		<difficult>0</difficult>
		<bndbox>
			<xmin>86</xmin>
			<ymin>149</ymin>
			<xmax>135</xmax>
			<ymax>348</ymax>
		</bndbox>
	</object>
	<object>
		<name>no_helmet</name>
		<pose>Unspecified</pose>
		<truncated>0</truncated>
		<difficult>0</difficult>
		<bndbox>
			<xmin>138</xmin>
			<ymin>154</ymin>
			<xmax>200</xmax>
			<ymax>308</ymax>
		</bndbox>
	</object>
	<object>
		<name>in_helmet</name>
		<pose>Unspecified</pose>
		<truncated>0</truncated>
		<difficult>0</difficult>
		<bndbox>
			<xmin>298</xmin>
			<ymin>116</ymin>
			<xmax>364</xmax>
			<ymax>245</ymax>
		</bndbox>
	</object>
</annotation>
