<annotation>
	<folder>allpics_small</folder>
	<filename>0501.jpg</filename>
	<path>C:\Users\Administrator\Desktop\allpics_small\0501.jpg</path>
	<source>
		<database>Unknown</database>
	</source>
	<size>
		<width>640</width>
		<height>360</height>
		<depth>3</depth>
	</size>
	<segmented>0</segmented>
	<object>
		<name>in_helmet</name>
		<pose>Unspecified</pose>
		<truncated>0</truncated>
		<difficult>0</difficult>
		<bndbox>
			<xmin>198</xmin>
			<ymin>72</ymin>
			<xmax>254</xmax>
			<ymax>225</ymax>
		</bndbox>
	</object>
	<object>
		<name>in_helmet</name>
		<pose>Unspecified</pose>
		<truncated>0</truncated>
		<difficult>0</difficult>
		<bndbox>
			<xmin>339</xmin>
			<ymin>103</ymin>
			<xmax>427</xmax>
			<ymax>305</ymax>
		</bndbox>
	</object>
	<object>
		<name>in_helmet</name>
		<pose>Unspecified</pose>
		<truncated>0</truncated>
		<difficult>0</difficult>
		<bndbox>
			<xmin>366</xmin>
			<ymin>49</ymin>
			<xmax>431</xmax>
			<ymax>101</ymax>
		</bndbox>
	</object>
</annotation>
