<annotation>
	<folder>allpics_small</folder>
	<filename>0509.jpg</filename>
	<path>C:\Users\Administrator\Desktop\allpics_small\0509.jpg</path>
	<source>
		<database>Unknown</database>
	</source>
	<size>
		<width>640</width>
		<height>360</height>
		<depth>3</depth>
	</size>
	<segmented>0</segmented>
	<object>
		<name>no_helmet</name>
		<pose>Unspecified</pose>
		<truncated>0</truncated>
		<difficult>0</difficult>
		<bndbox>
			<xmin>131</xmin>
			<ymin>157</ymin>
			<xmax>201</xmax>
			<ymax>352</ymax>
		</bndbox>
	</object>
	<object>
		<name>no_helmet</name>
		<pose>Unspecified</pose>
		<truncated>0</truncated>
		<difficult>0</difficult>
		<bndbox>
			<xmin>276</xmin>
			<ymin>79</ymin>
			<xmax>319</xmax>
			<ymax>125</ymax>
		</bndbox>
	</object>
	<object>
		<name>in_helmet</name>
		<pose>Unspecified</pose>
		<truncated>0</truncated>
		<difficult>0</difficult>
		<bndbox>
			<xmin>236</xmin>
			<ymin>121</ymin>
			<xmax>309</xmax>
			<ymax>224</ymax>
		</bndbox>
	</object>
</annotation>
